{
  "criteria": {
    "location": {
      "trigger": "minecraft:location",
      "conditions": {
        "player": [
          {
            "condition": "minecraft:random_chance",
            "chance": {
              "type": "minecraft:storage",
              "storage": "abh:settings",
              "path": "7.initial"
            }
          },
          {
            "condition": "minecraft:location_check",
            "predicate": {
              "position": {
                "y": {
                  "max": 72
                }
              },
              "dimension": "minecraft:overworld"
            }
          }
        ]
      }
    }
  },
  "rewards": {
    "function": "abh:events/spooky_image/find_spot"
  },
  "sends_telemetry_event": false
}