{
  "criteria": {
    "location": {
      "trigger": "minecraft:player_killed_entity",
      "conditions": {
        "player": {
          "type_specific": {
            "type": "minecraft:player",
            "advancements": {
              "abh:events/mining_figure/quest/tagged": true
            }
          }
        },
        "entity": {
          "slots": {
            "armor.body": {
              "predicates": {
                "minecraft:enchantments": [
                  {
                    "enchantments": "abh:mining_figure/ai"
                  }
                ]
              }
            }
          }
        },
        "killing_blow": {
          "tags": [
            {
              "id": "bypasses_invulnerability",
              "expected": false
            }
          ]
        }
      }
    }
  },
  "rewards": {
    "function": "abh:events/mining_figure/quest/killed"
  },
  "sends_telemetry_event": false
}