{
  "display": {
    "icon": {
      "id": "minecraft:black_glazed_terracotta",
      "count": 1
    },
    "title": "Who's the Night Stalker Now?",
    "description": "Kill the black figure...",
    "frame": "task",
    "announce_to_chat": true
  },
  "parent": "abh:display/black_figure/looking_at",
  "criteria": {
    "location": {
      "trigger": "minecraft:player_killed_entity",
      "conditions": {
        "entity": {
          "slots": {
            "armor.body": {
              "predicates": {
                "minecraft:enchantments": [
                  {
                    "enchantments": "abh:night_figure/ai"
                  }
                ]
              }
            }
          }
        },
        "killing_blow": {
          "tags": [
            {
              "id": "bypasses_invulnerability",
              "expected": false
            }
          ]
        }
      }
    }
  },
  "sends_telemetry_event": false
}