{
  "criteria": {
    "dimension": {
      "trigger": "minecraft:tick",
      "conditions": {
        "player": [
          {
            "condition": "minecraft:entity_scores",
            "entity": "this",
            "scores": {
              "abh.deaths": {
                "min": 1
              }
            }
          },
          {
            "condition": "minecraft:location_check",
            "predicate": {
              "dimension": "minecraft:overworld"
            }
          }
        ]
      }
    }
  },
  "rewards": {
    "function": "abh:events/mysterious_figure/void/monologue/7/banished/died"
  },
  "sends_telemetry_event": false
}