{
  "type": "command",
  "pools": [
    {
      "rolls": 1,
      "entries": [
        {
          "type": "item",
          "weight": 1,
          "name": "minecraft:written_book",
          "functions": [
            {
              "function": "set_count",
              "count": 1
            },
            {
              "function": "set_components",
              "components": {
                "minecraft:written_book_content": {
                  "title": "Chapter #1",
                  "author": "Unknown",
                  "pages": [
                    "I just booted up my Minecraft world, and gathered some wood, a normal start. I started mining, and when I surfaced I noticed random holes, weird terrain, mobs that shouldn't really spawn, and weird sounds that I didn't know existed in this game...",
                    "I know Minecraft can be quite glitchy, so I just ignored it. However, then things started happening that I couldn't ignore... I kept seeing a white figure in the horizon. Every time I saw it, I turned the other way, maybe I'm hallucinating, could've been a sheep."
                  ],
                  "generation": 1
                }
              }
            }
          ]
        }
      ],
      "conditions": [
        {
          "condition": "minecraft:entity_scores",
          "entity": "this",
          "scores": {
            "abh.lore_books_found": 0
          }
        }
      ]
    },
    {
      "rolls": 1,
      "entries": [
        {
          "type": "item",
          "weight": 1,
          "name": "minecraft:written_book",
          "functions": [
            {
              "function": "set_count",
              "count": 1
            },
            {
              "function": "set_components",
              "components": {
                "minecraft:written_book_content": {
                  "title": "Chapter #2",
                  "author": "Unknown",
                  "pages": [
                    "The white figure approached me, it literally jumped in my face and then it disappeared. I have no idea what it wants, I'm terrified, and I don't know what to do... I'm considering deleting this world...",
                    "Though at the same time, I need to document this. I need to figure out what's going on, after all... it's just a video game, it can't hurt me..."
                  ],
                  "generation": 1
                }
              }
            }
          ]
        }
      ],
      "conditions": [
        {
          "condition": "minecraft:entity_scores",
          "entity": "this",
          "scores": {
            "abh.lore_books_found": 1
          }
        }
      ]
    },
    {
      "rolls": 1,
      "entries": [
        {
          "type": "item",
          "weight": 1,
          "name": "minecraft:written_book",
          "functions": [
            {
              "function": "set_count",
              "count": 1
            },
            {
              "function": "set_components",
              "components": {
                "minecraft:written_book_content": {
                  "title": "Chapter #3",
                  "author": "Unknown",
                  "pages": [
                    "Seems like the white figure only jumps in front of you if you look at it. Sometimes it can move, I swear I'm on a single player world, I even shutdown my Internet..., and it is still here. What does it want? This is really weird.",
                    "I can't sleep sometimes, but suddenly I can... in the same night... Is this the white figure's doing? Is my world extremely glitched? Is it an unintended feature in the works that I wasn't supposed to see`? I did try a bunch of snapshots this week..."
                  ],
                  "generation": 1
                }
              }
            }
          ]
        }
      ],
      "conditions": [
        {
          "condition": "minecraft:entity_scores",
          "entity": "this",
          "scores": {
            "abh.lore_books_found": 2
          }
        }
      ]
    },
    {
      "rolls": 1,
      "entries": [
        {
          "type": "item",
          "weight": 1,
          "name": "minecraft:written_book",
          "functions": [
            {
              "function": "set_count",
              "count": 1
            },
            {
              "function": "set_components",
              "components": {
                "minecraft:written_book_content": {
                  "title": "Chapter #4",
                  "author": "Unknown",
                  "pages": [
                    "Okay, a lot has happened. The white figure took me into a weird place — a place of nothingness. A voice uttered from its mouth, warning me that the longer it is present in this Minecraft world the stronger it gets. Is this some sick prank?",
                    "I thought I was dead, but it stopped. I was back at my home. I then tried sleeping and I saw Herobrine while trying to sleep, that must be the reason all of this is happening, I somehow triggered Herobrine. I will experiment a bit further... I will not try to sleep this night."
                  ],
                  "generation": 1
                }
              }
            }
          ]
        }
      ],
      "conditions": [
        {
          "condition": "minecraft:entity_scores",
          "entity": "this",
          "scores": {
            "abh.lore_books_found": 3
          }
        }
      ]
    },
    {
      "rolls": 1,
      "entries": [
        {
          "type": "item",
          "weight": 1,
          "name": "minecraft:written_book",
          "functions": [
            {
              "function": "set_count",
              "count": 1
            },
            {
              "function": "set_components",
              "components": {
                "minecraft:written_book_content": {
                  "title": "Chapter #5",
                  "author": "Unknown",
                  "pages": [
                    "I can't even begin to describe what happened this night. I was minding my own business, heading towards a village, then this black figure started chasing me. Its speed was on par with me sprint-jumping. It made a terrifying scream... my God... it almost got me...",
                    "If that thing ever finds me, I'm done for... I think I will try my luck underground, I need some resources if I want to survive that thing. Its intention seems to be different compared to the other entities I've encountered... Lord have mercy..."
                  ],
                  "generation": 1
                }
              }
            }
          ]
        }
      ],
      "conditions": [
        {
          "condition": "minecraft:entity_scores",
          "entity": "this",
          "scores": {
            "abh.lore_books_found": 4
          }
        }
      ]
    },
    {
      "rolls": 1,
      "entries": [
        {
          "type": "item",
          "weight": 1,
          "name": "minecraft:written_book",
          "functions": [
            {
              "function": "set_count",
              "count": 1
            },
            {
              "function": "set_components",
              "components": {
                "minecraft:written_book_content": {
                  "title": "Chapter #6",
                  "author": "Unknown",
                  "pages": [
                    "I-I don't know where to begin. I went underground, strip-mining for diamonds, then I started hearing blocks breaking around me. Suddenly a red figure was in my tunnel and it ran towards me. The sound it made was somehow even more terrifying than the other creature. It could mine blocks.",
                    "It started attacking me, but I ran into a cave and shook it off me. It seemed to disappear, into thin air... On the contrary, I found a lot of diamonds due to all the blocks that thing broke. Fortune in Hell I guess, also there is something really eerie about this cave...",
                    "I usually refrain from writing too much in one sitting, but genuinely, this cave seems to be inhabited by the supernatural..."
                  ],
                  "generation": 1
                }
              }
            }
          ]
        }
      ],
      "conditions": [
        {
          "condition": "minecraft:entity_scores",
          "entity": "this",
          "scores": {
            "abh.lore_books_found": 5
          }
        }
      ]
    },
    {
      "rolls": 1,
      "entries": [
        {
          "type": "item",
          "weight": 1,
          "name": "minecraft:written_book",
          "functions": [
            {
              "function": "set_count",
              "count": 1
            },
            {
              "function": "set_components",
              "components": {
                "minecraft:written_book_content": {
                  "title": "Chapter #7",
                  "author": "Unknown",
                  "pages": [
                    "The white figure took me to the same world again, this time it talked about The Void. It wants to give me access to it, I tried to speak to it, but I was completely frozen. So that's where it brought me? The Void... it apparently gave me access to it?",
                    "The white figure is sentient, it talks, moves, and teleports other entities to other dimensions. why does it want me to have access to The Void? I don't want to think about the answer, that thing is giving me bad vibes..."
                  ],
                  "generation": 1
                }
              }
            }
          ]
        }
      ],
      "conditions": [
        {
          "condition": "minecraft:entity_scores",
          "entity": "this",
          "scores": {
            "abh.lore_books_found": 6
          }
        }
      ]
    },
    {
      "rolls": 1,
      "entries": [
        {
          "type": "item",
          "weight": 1,
          "name": "minecraft:written_book",
          "functions": [
            {
              "function": "set_count",
              "count": 1
            },
            {
              "function": "set_components",
              "components": {
                "minecraft:written_book_content": {
                  "title": "Chapter #8",
                  "author": "Unknown",
                  "pages": [
                    "Every time I see the white figure, it lets me enter The Void. It isn't scary at all now, it's actually extremely convenient for traveling. I'd argue it is even better than Nether travel. I can't help but utilise this, it actually makes me feel more productive, I even have a beautiful house I want to build.",
                    "It utilises bricks, something which I never use. Back to The Void though, I've been there a few times now... it is completely empty, I cannot place anything in there. I feel powerless in there, all I can do is crouch to get out."
                  ],
                  "generation": 1
                }
              }
            }
          ]
        }
      ],
      "conditions": [
        {
          "condition": "minecraft:entity_scores",
          "entity": "this",
          "scores": {
            "abh.lore_books_found": 7
          }
        }
      ]
    },
    {
      "rolls": 1,
      "entries": [
        {
          "type": "item",
          "weight": 1,
          "name": "minecraft:written_book",
          "functions": [
            {
              "function": "set_count",
              "count": 1
            },
            {
              "function": "set_components",
              "components": {
                "minecraft:written_book_content": {
                  "title": "Chapter #9",
                  "author": "Unknown",
                  "pages": [
                    "I entered The Void again, was planning to find the last material for my house. The white figure then appeared, talking to me again. This time it gave me an odd request. I had to kill that red figure that could mine, it told me I would be rewarded greatly if I did it. I obeyed, and killed it later.",
                    "I had to use an enchanted golden apple, that's how strong it was. However, I did it. I then encountered the white figure again, and it told me that it had backdoored the server? How powerful is this thing? I guess I'll just play along with its scheme for now..."
                  ],
                  "generation": 1
                }
              }
            }
          ]
        }
      ],
      "conditions": [
        {
          "condition": "minecraft:entity_scores",
          "entity": "this",
          "scores": {
            "abh.lore_books_found": 8
          }
        }
      ]
    },
    {
      "rolls": 1,
      "entries": [
        {
          "type": "item",
          "weight": 1,
          "name": "minecraft:written_book",
          "functions": [
            {
              "function": "set_count",
              "count": 1
            },
            {
              "function": "set_components",
              "components": {
                "minecraft:written_book_content": {
                  "title": "Chapter #10",
                  "author": "Unknown",
                  "pages": [
                    "I cannot live without The Void, the convenience, it is just... too convenient... Though for some reason, the more I use The Void, the more the white figure starts talking to me. It wants to know me... Like it talked about a friend that betrayed it...",
                    "And now it wants me to kill it? Apparently the white figure has a lot of history with these guys, dunno why that is... but that friend of it is that black figure in the night. It is much, much stronger than the other creature... should I even try?"
                  ],
                  "generation": 1
                }
              }
            }
          ]
        }
      ],
      "conditions": [
        {
          "condition": "minecraft:entity_scores",
          "entity": "this",
          "scores": {
            "abh.lore_books_found": 9
          }
        }
      ]
    },
    {
      "rolls": 1,
      "entries": [
        {
          "type": "item",
          "weight": 1,
          "name": "minecraft:written_book",
          "functions": [
            {
              "function": "set_count",
              "count": 1
            },
            {
              "function": "set_components",
              "components": {
                "minecraft:written_book_content": {
                  "title": "Chapter #11",
                  "author": "Unknown",
                  "pages": [
                    "I killed it, two enchanted golen apples this time. The white figure was pleased. It told me I could use The Void in any dimension... I am so grateful for this opportunity, no more building high ways in the Nether, I only use The Void...",
                    "Then it got strange, the white figure asked me to lend it my power. I was not sure of this meant? So I said no, because I wanted to think about it. That was a mistake..."
                  ],
                  "generation": 1
                }
              }
            }
          ]
        }
      ],
      "conditions": [
        {
          "condition": "minecraft:entity_scores",
          "entity": "this",
          "scores": {
            "abh.lore_books_found": 10
          }
        }
      ]
    },
    {
      "rolls": 1,
      "entries": [
        {
          "type": "item",
          "weight": 1,
          "name": "minecraft:written_book",
          "functions": [
            {
              "function": "set_count",
              "count": 1
            },
            {
              "function": "set_components",
              "components": {
                "minecraft:written_book_content": {
                  "title": "Chapter #12",
                  "author": "Unknown",
                  "pages": [
                    "I'm writing this before it is too late... I think I'm about to be banished deeper into The Void by the white figure... it has been telling me slowly over time...",
                    "I try to avoid it, but it does not let me. It keeps running up to me and taunting me. Whoever is reading this, if you have access to the Test Button... use the button in...",
                    {
                      "raw": {
                        "text": "\n\n\n\n \ue000",
                        "font": "abh:test_button",
                        "color": "white"
                      }
                    }
                  ],
                  "generation": 1
                }
              }
            }
          ]
        }
      ],
      "conditions": [
        {
          "condition": "minecraft:entity_scores",
          "entity": "this",
          "scores": {
            "abh.lore_books_found": 11
          }
        }
      ]
    }
  ]
}