{
  "criteria": {
    "location": {
      "trigger": "minecraft:player_hurt_entity",
      "conditions": {
        "player": [
          {
            "condition": "minecraft:entity_properties",
            "entity": "this",
            "predicate": {
              "type_specific": {
                "type": "minecraft:player",
                "advancements": {
                    "abh:events/night_figure/quest/tagged": true
                }
              }
            }
          }
        ],
        "entity": {
          "slots": {
            "armor.body": {
              "predicates": {
                "minecraft:enchantments": [
                  {
                    "enchantments": "abh:night_figure/ai"
                  }
                ]
              }
            }
          }
        }
      }
    }
  },
  "rewards": {
    "function": "abh:events/night_figure/quest/hit"
  },
  "sends_telemetry_event": false
}