{
  "criteria": {
    "location": {
      "trigger": "minecraft:player_killed_entity",
      "conditions": {
        "player": {
          "type_specific": {
            "type": "minecraft:player",
            "advancements": {
              "abh:events/night_figure/quest/tagged_two": true
            }
          }
        },
        "entity": {
          "slots": {
            "armor.body": {
              "predicates": {
                "minecraft:enchantments": [
                  {
                    "enchantments": "abh:night_figure/ai"
                  }
                ]
              }
            }
          }
        }
      }
    }
  },
  "rewards": {
    "function": "abh:events/night_figure/quest/killed_two"
  }
}