{
  "display": {
    "icon": {
      "id": "minecraft:mossy_cobblestone",
      "count": 1
    },
    "title": "Remember This Structure...",
    "description": "Find the Ruins",
    "frame": "task",
    "announce_to_chat": true
  },
  "parent": "abh:display/root",
  "criteria": {
    "slept_in_bed": {
      "trigger": "minecraft:location",
      "conditions": {
        "player": {
          "location": {
            "structures": "abh:ruins"
          }
        }
      }
    }
  },
  "sends_telemetry_event": false
}