{
  "type": "minecraft:vegetation_patch",
  "config": {
    "surface": "floor",
    "depth": {
      "type": "minecraft:uniform",
      "min_inclusive": 2,
      "max_inclusive": 8
    },
    "vertical_range": 3,
    "extra_bottom_block_chance": 0.2,
    "extra_edge_column_chance": 0.2,
    "vegetation_chance": 1,
    "xz_radius": {
      "type": "minecraft:uniform",
      "min_inclusive": 3,
      "max_inclusive": 17
    },
    "replaceable": "#abh:all_solid",
    "ground_state": {
      "type": "minecraft:weighted_state_provider",
      "entries": [
        {
          "weight": 1,
          "data": {
            "Name": "minecraft:air"
          }
        }
      ]
    },
    "vegetation_feature": {
      "feature": {
        "type": "minecraft:disk",
        "config": {
          "state_provider": {
            "fallback": {
              "type": "minecraft:weighted_state_provider",
              "entries": [
                {
                  "weight": 1,
                  "data": {
                    "Name": "air"
                  }
                }
              ]
            },
            "rules": []
          },
          "radius": {
            "type": "minecraft:uniform",
            "min_inclusive": 3,
            "max_inclusive": 8
          },
          "half_height": 3,
          "target": {
            "type": "minecraft:matching_block_tag",
            "tag": "abh:all_solid"
          }
        }
      },
      "placement": [
        {
          "type": "minecraft:heightmap",
          "heightmap": "WORLD_SURFACE_WG"
        }
      ]
    }
  }
}