{
  "type": "minecraft:random_patch",
  "config": {
    "tries": 12,
    "xz_spread": 12,
    "y_spread": 12,
    "feature": {
      "feature": {
        "config": {
          "state": {
            "Name": "minecraft:air"
          },
          "target": {
            "Name": "minecraft:oak_leaves"
          },
          "radius": 12
        },
        "type": "minecraft:netherrack_replace_blobs"
      },
      "placement": [
        {
          "type": "minecraft:heightmap",
          "heightmap": "MOTION_BLOCKING"
        }
      ]
    }
  }
}