{
  "type": "minecraft:random_patch",
  "config": {
    "tries": 23,
    "xz_spread": 23,
    "y_spread": 12,
    "feature": {
      "feature": {
        "config": {
          "to_place": {
            "type": "minecraft:simple_state_provider",
            "state": {
              "Name": "minecraft:redstone_torch",
              "Properties": {
                "lit": "true"
              }
            }
          }
        },
        "type": "minecraft:simple_block"
      },
      "placement": [
        {
            "type": "random_offset",
            "y_spread": 1,
            "xz_spread": 0
        },
        {
            "type": "heightmap",
            "heightmap": "WORLD_SURFACE"
        }
      ]
    }
  }
}