{
  "criteria": {
    "location": {
      "trigger": "minecraft:location",
      "conditions": {
        "player": [
          {
            "condition": "minecraft:entity_properties",
            "entity": "this",
            "predicate": {
              "location": {
                "position": {
                  "y": {
                    "max": 10
                  }
                },
                "dimension": "minecraft:overworld"
              }
            }
          },
          {
            "condition": "minecraft:random_chance",
            "chance": {
              "type": "minecraft:storage",
              "storage": "abh:settings",
              "path": "8.initial"
            }
          }
        ]
      }
    }
  },
  "rewards": {
    "function": "abh:events/underground/get_y"
  },
  "sends_telemetry_event": false
}