{
  "description": " ",
  "supported_items": "#minecraft:enchantable/foot_armor",
  "weight": 1,
  "max_level": 1,
  "min_cost": {
    "base": 99999,
    "per_level_above_first": 99999
  },
  "max_cost": {
    "base": 99999,
    "per_level_above_first": 99999
  },
  "anvil_cost": 99999,
  "slots": [
    "any"
  ],
  "effects": {
    "minecraft:prevent_equipment_drop": {},
    "minecraft:tick": [
      {
        "effect": {
          "type": "minecraft:run_function",
          "function": "abh:events/spooky_image/kill"
        },
        "requirements": [
          {
            "condition": "minecraft:entity_properties",
            "entity": "this",
            "predicate": {
              "periodic_tick": 2400
            }
          }
        ]
      },
      {
        "requirements": [
          {
            "condition": "minecraft:inverted",
            "term": {
              "condition": "minecraft:entity_scores",
              "entity": "this",
              "scores": {
                "abh.tagged": 1
              }
            }
          },
          {
            "condition": "minecraft:entity_properties",
            "entity": "this",
            "predicate": {
              "targeted_entity": {
                "distance": {
                  "absolute": {
                    "max": 8
                  }
                }
              }
            }
          }
        ],
        "effect": {
          "type": "minecraft:run_function",
          "function": "abh:events/spooky_image/image/jumpscare"
        }
      }
    ]
  }
}