{
  "criteria": {
    "location": {
      "trigger": "minecraft:tick",
      "conditions": {
        "player": [
          {
            "condition": "minecraft:entity_properties",
            "entity": "this",
            "predicate": {
              "type_specific": {
                "type": "minecraft:player",
                "looking_at": {
                  "type": "minecraft:mannequin",
                  "slots": {
                    "armor.body": {
                      "components": {
                        "minecraft:enchantments": {
                          "abh:mysterious_figure/tick": 1
                        }
                      }
                    }
                  }
                }
              }
            }
          }
        ]
      }
    }
  },
  "rewards": {
    "function": "abh:events/mysterious_figure/looking_at"
  },
  "sends_telemetry_event": false
}