{
  "criteria": {
    "location": {
      "trigger": "minecraft:entity_killed_player",
      "conditions": {
        "entity": {
          "slots": {
            "armor.body": {
              "predicates": {
                "minecraft:enchantments": [
                  {
                    "enchantments": "abh:night_figure/ai"
                  }
                ]
              }
            }
          }
        }
      }
    }
  },
  "rewards": {
    "function": "abh:events/night_figure/killed_player"
  },
  "sends_telemetry_event": false
}