{
  "criteria": {
    "location": {
      "trigger": "minecraft:location",
      "conditions": {
        "player": [
          {
            "condition": "minecraft:random_chance",
            "chance": {
              "type": "minecraft:storage",
              "storage": "abh:settings",
              "path": "10.initial"
            }
          },
          {
            "condition": "minecraft:entity_properties",
            "entity": "this",
            "predicate": {
              "location": {
                "can_see_sky": false,
                "dimension": "overworld"
              }
            }
          }
        ]
      }
    }
  },
  "rewards": {
    "function": "abh:events/misc/effects/set"
  },
  "sends_telemetry_event": false
}