{
  "aquifers_enabled": false,
  "default_block": {
    "Name": "minecraft:barrier"
  },
  "default_fluid": {
    "Name": "minecraft:air"
  },
  "disable_mob_generation": true,
  "legacy_random_source": false,
  "noise": {
    "height": 64,
    "min_y": 0,
    "size_horizontal": 1,
    "size_vertical": 2
  },
  "noise_router": {
    "barrier": 0,
    "continents": 0,
    "depth": 0,
    "erosion": 0,
    "final_density": 1,
    "fluid_level_floodedness": 0,
    "fluid_level_spread": 0,
    "lava": 0,
    "preliminary_surface_level": 0,
    "ridges": 0,
    "temperature": {
      "type": "minecraft:shifted_noise",
      "noise": "minecraft:temperature",
      "shift_x": "minecraft:shift_x",
      "shift_y": 0,
      "shift_z": "minecraft:shift_z",
      "xz_scale": 12,
      "y_scale": 0
    },
    "vegetation": 0,
    "vein_gap": 0,
    "vein_ridged": 0,
    "vein_toggle": 0
  },
  "ore_veins_enabled": false,
  "sea_level": 0,
  "spawn_target": [],
  "surface_rule": {
    "type": "minecraft:sequence",
    "sequence": [
      {
        "type": "minecraft:sequence",
        "sequence": [
          {
            "type": "minecraft:condition",
            "if_true": {
              "type": "minecraft:vertical_gradient",
              "random_name": "void_bedrock",
              "true_at_and_below": {
                "absolute": 50
              },
              "false_at_and_above": {
                "absolute": 50
              }
            },
            "then_run": {
              "type": "minecraft:condition",
              "if_true": {
                "type": "minecraft:noise_threshold",
                "noise": "minecraft:netherrack",
                "min_threshold": -0.125,
                "max_threshold": 0.125
              },
              "then_run": {
                "type": "minecraft:block",
                "result_state": {
                  "Name": "minecraft:bedrock"
                }
              }
            }
          }
        ]
      },
      {
        "type": "minecraft:condition",
        "if_true": {
          "type": "minecraft:y_above",
          "anchor": {
            "below_top": 25
          },
          "surface_depth_multiplier": 1,
          "add_stone_depth": false
        },
        "then_run": {
          "type": "minecraft:block",
          "result_state": {
            "Name": "minecraft:bedrock"
          }
        }
      },
      {
        "type": "minecraft:condition",
        "if_true": {
          "type": "minecraft:y_above",
          "anchor": {
            "absolute": 32
          },
          "surface_depth_multiplier": 0,
          "add_stone_depth": false
        },
        "then_run": {
          "type": "minecraft:block",
          "result_state": {
            "Name": "minecraft:air"
          }
        }
      },
      {
        "type": "minecraft:condition",
        "if_true": {
          "type": "minecraft:vertical_gradient",
          "random_name": "test",
          "true_at_and_below": {
            "absolute": 6
          },
          "false_at_and_above": {
            "absolute": 6
          }
        },
        "then_run": {
          "type": "minecraft:block",
          "result_state": {
            "Name": "minecraft:barrier"
          }
        }
      },
      {
        "type": "minecraft:condition",
        "if_true": {
          "type": "minecraft:vertical_gradient",
          "random_name": "test",
          "true_at_and_below": {
            "absolute": 7
          },
          "false_at_and_above": {
            "absolute": 7
          }
        },
        "then_run": {
          "type": "minecraft:block",
          "result_state": {
            "Name": "minecraft:black_concrete"
          }
        }
      },
      {
        "type": "minecraft:condition",
        "if_true": {
          "type": "minecraft:vertical_gradient",
          "random_name": "test",
          "true_at_and_below": {
            "absolute": 8
          },
          "false_at_and_above": {
            "absolute": 8
          }
        },
        "then_run": {
          "type": "minecraft:block",
          "result_state": {
            "Name": "minecraft:barrier"
          }
        }
      },
      {
        "type": "minecraft:condition",
        "if_true": {
          "type": "minecraft:vertical_gradient",
          "random_name": "test",
          "true_at_and_below": {
            "absolute": 9
          },
          "false_at_and_above": {
            "absolute": 9
          }
        },
        "then_run": {
          "type": "minecraft:block",
          "result_state": {
            "Name": "minecraft:black_stained_glass"
          }
        }
      },
      {
        "type": "minecraft:condition",
        "if_true": {
          "type": "minecraft:vertical_gradient",
          "random_name": "test",
          "true_at_and_below": {
            "absolute": 10
          },
          "false_at_and_above": {
            "absolute": 10
          }
        },
        "then_run": {
          "type": "minecraft:block",
          "result_state": {
            "Name": "minecraft:barrier"
          }
        }
      },
      {
        "type": "minecraft:condition",
        "if_true": {
          "type": "minecraft:vertical_gradient",
          "random_name": "test",
          "true_at_and_below": {
            "absolute": 11
          },
          "false_at_and_above": {
            "absolute": 11
          }
        },
        "then_run": {
          "type": "minecraft:block",
          "result_state": {
            "Name": "minecraft:black_stained_glass"
          }
        }
      },
      {
        "type": "minecraft:condition",
        "if_true": {
          "type": "minecraft:vertical_gradient",
          "random_name": "test",
          "true_at_and_below": {
            "absolute": 12
          },
          "false_at_and_above": {
            "absolute": 12
          }
        },
        "then_run": {
          "type": "minecraft:block",
          "result_state": {
            "Name": "minecraft:barrier"
          }
        }
      },
      {
        "type": "minecraft:condition",
        "if_true": {
          "type": "minecraft:vertical_gradient",
          "random_name": "test",
          "true_at_and_below": {
            "absolute": 13
          },
          "false_at_and_above": {
            "absolute": 13
          }
        },
        "then_run": {
          "type": "minecraft:block",
          "result_state": {
            "Name": "minecraft:black_stained_glass"
          }
        }
      },
      {
        "type": "minecraft:condition",
        "if_true": {
          "type": "minecraft:vertical_gradient",
          "random_name": "test",
          "true_at_and_below": {
            "absolute": 14
          },
          "false_at_and_above": {
            "absolute": 14
          }
        },
        "then_run": {
          "type": "minecraft:block",
          "result_state": {
            "Name": "minecraft:barrier"
          }
        }
      },
      {
        "type": "minecraft:condition",
        "if_true": {
          "type": "minecraft:vertical_gradient",
          "random_name": "test",
          "true_at_and_below": {
            "absolute": 15
          },
          "false_at_and_above": {
            "absolute": 15
          }
        },
        "then_run": {
          "type": "minecraft:block",
          "result_state": {
            "Name": "minecraft:black_stained_glass"
          }
        }
      },
      {
        "type": "minecraft:condition",
        "if_true": {
          "type": "minecraft:vertical_gradient",
          "random_name": "test",
          "true_at_and_below": {
            "absolute": 16
          },
          "false_at_and_above": {
            "absolute": 16
          }
        },
        "then_run": {
          "type": "minecraft:block",
          "result_state": {
            "Name": "minecraft:barrier"
          }
        }
      }
    ]
  }
}