{
  "aquifers_enabled": false,
  "default_block": {
    "Name": "minecraft:barrier"
  },
  "default_fluid": {
    "Name": "minecraft:barrier"
  },
  "disable_mob_generation": true,
  "legacy_random_source": false,
  "noise": {
    "height": 64,
    "min_y": 0,
    "size_horizontal": 1,
    "size_vertical": 2
  },
  "noise_router": {
    "barrier": 0,
    "continents": 0,
    "depth": 0,
    "erosion": 0,
    "final_density": 0,
    "fluid_level_floodedness": 0,
    "fluid_level_spread": 0,
    "lava": 0,
    "preliminary_surface_level": 0,
    "ridges": 0,
    "temperature": 0,
    "vegetation": 0,
    "vein_gap": 0,
    "vein_ridged": 0,
    "vein_toggle": 0
  },
  "ore_veins_enabled": false,
  "sea_level": 32,
  "spawn_target": [],
  "surface_rule": {
    "type": "minecraft:sequence",
    "sequence": [
      {
        "type": "minecraft:sequence",
        "sequence": [
          {
            "type": "minecraft:condition",
            "if_true": {
              "type": "minecraft:vertical_gradient",
              "random_name": "void_bedrock",
              "true_at_and_below": {
                "absolute": 32
              },
              "false_at_and_above": {
                "absolute": 32
              }
            },
            "then_run": {
              "type": "minecraft:condition",
              "if_true": {
                "type": "minecraft:noise_threshold",
                "noise": "minecraft:netherrack",
                "min_threshold": -0.1,
                "max_threshold": 0.1
              },
              "then_run": {
                "type": "minecraft:block",
                "result_state": {
                  "Name": "minecraft:bedrock"
                }
              }
            }
          }
        ]
      }
    ]
  }
}