{
  "criteria": {
    "slept_in_bed": {
      "trigger": "minecraft:tick",
      "conditions": {
        "player": [
          {
            "condition": "minecraft:entity_properties",
            "entity": "this",
            "predicate": {
              "periodic_tick": 40,
              "location": {
                "dimension": "minecraft:overworld",
                "can_see_sky": true
              }
            }
          },
          {
            "condition": "minecraft:value_check",
            "value": {
              "type": "minecraft:score",
              "target": {
                "type": "minecraft:fixed",
                "name": ".mysterious_figure"
              },
              "score": "abh.var"
            },
            "range": 0
          },
          {
            "condition": "minecraft:random_chance",
            "chance": {
              "type": "minecraft:storage",
              "storage": "abh:settings",
              "path": "2.initial"
            }
          }
        ]
      }
    }
  },
  "rewards": {
    "function": "abh:events/mysterious_figure/spawning/check"
  },
  "sends_telemetry_event": false
}