{
  "carvers": [],
  "downfall": 0.5,
  "effects": {
    "fog_color": 2697773,
    "music": [
      {
        "weight": 1,
        "data": {
          "sound": "intentionally_empty",
          "min_delay": 100,
          "max_delay": 100,
          "replace_current_music": true
        }
      }
    ],
    "music_volume": 1,
    "sky_color": 2632239,
    "water_color": 2763825,
    "water_fog_color": 329011
  },
  "features": [
    [
      "abh:deeper_void/room"
    ]
  ],
  "has_precipitation": false,
  "spawn_costs": {},
  "spawners": {},
  "temperature": 0
}