{
  "carvers": [],
  "downfall": 0.5,
  "effects": {
    "fog_color": 12638463,
    "music": [
      {
        "weight": 1,
        "data": {
          "sound": {
            "sound_id": "abh:music.shifting_void"
          },
          "min_delay": 100,
          "max_delay": 100,
          "replace_current_music": true
        }
      }
    ],
    "music_volume": 1,
    "sky_color": 8103167,
    "water_color": 4159204,
    "water_fog_color": 329011
  },
  "features": [],
  "has_precipitation": false,
  "spawn_costs": {},
  "spawners": {},
  "temperature": 0.5
}