{
  "criteria": {
    "location": {
      "trigger": "minecraft:location",
      "conditions": {
        "player": [
          {
            "condition": "value_check",
            "range": 0,
            "value": {
              "type": "score",
              "score": "abh.var",
              "target": {
                "type": "fixed",
                "name": ".mining_figure"
              }
            }
          },
          {
            "condition": "minecraft:all_of",
            "terms": [
              {
                "condition": "minecraft:location_check",
                "offsetX": 0,
                "offsetY": -1,
                "offsetZ": 0,
                "predicate": {
                  "block": {
                    "blocks": "#abh:all_solid"
                  }
                }
              },
              {
                "condition": "minecraft:location_check",
                "offsetX": 0,
                "offsetY": 0,
                "offsetZ": 0,
                "predicate": {
                  "block": {
                    "blocks": "#abh:non_solid"
                  }
                }
              },
              {
                "condition": "minecraft:location_check",
                "offsetX": 0,
                "offsetY": 1,
                "offsetZ": 0,
                "predicate": {
                  "block": {
                    "blocks": "#abh:non_solid"
                  }
                }
              },
              {
                "condition": "minecraft:location_check",
                "offsetY": 3,
                "predicate": {
                  "block": {
                    "blocks": "#abh:all_solid"
                  }
                }
              }
            ]
          },
          {
            "condition": "minecraft:entity_properties",
            "entity": "this",
            "predicate": {
              "location": {
                "position": {
                  "y": {
                    "max": 50
                  }
                },
                "dimension": "minecraft:overworld"
              }
            }
          },
          {
            "condition": "minecraft:random_chance",
            "chance": {
              "type": "minecraft:storage",
              "storage": "abh:settings",
              "path": "4.initial"
            }
          }
        ]
      }
    }
  },
  "rewards": {
    "function": "abh:events/mining_figure/spawn_condition"
  },
  "sends_telemetry_event": false
}