{
  "type": "abh:deeper_void",
  "generator": {
    "type": "minecraft:noise",
    "biome_source": {
      "type": "minecraft:multi_noise",
      "biomes": [
        {
          "biome": "abh:deeper_void_calm",
          "parameters": {
            "temperature": 1.9,
            "humidity": 0,
            "continentalness": 0,
            "erosion": 0,
            "weirdness": 0,
            "depth": 0,
            "offset": 0
          }
        },
        {
          "biome": "abh:deeper_void",
          "parameters": {
            "temperature":0,
            "humidity": 0,
            "continentalness": 0,
            "erosion": 0,
            "weirdness": 0,
            "depth": 0,
            "offset": 0
          }
        }
      ]
    },
    "settings": "abh:deeper_void"
  }
}