{
  "description": " ",
  "supported_items": "#minecraft:enchantable/foot_armor",
  "weight": 1,
  "max_level": 1,
  "min_cost": {
    "base": 99999,
    "per_level_above_first": 99999
  },
  "max_cost": {
    "base": 99999,
    "per_level_above_first": 99999
  },
  "anvil_cost": 99999,
  "slots": [
    "any"
  ],
  "effects": {
    "minecraft:prevent_equipment_drop": {},
    "minecraft:tick": [
      {
        "effect": {
          "type": "minecraft:run_function",
          "function": "abh:technical/remove/timer"
        }
      },
      {
        "requirements": [
          {
            "condition": "minecraft:entity_scores",
            "entity": "this",
            "scores": {
              "abh.timer": 0
            }
          }
        ],
        "effect": {
          "type": "minecraft:run_function",
          "function": "abh:technical/remove/invisibility"
        }
      },
      {
        "requirements": [
          {
            "condition": "minecraft:entity_scores",
            "entity": "this",
            "scores": {
              "abh.timer": -5
            }
          }
        ],
        "effect": {
          "type": "minecraft:run_function",
          "function": "abh:technical/remove/teleport"
        }
      }
    ]
  }
}