{
  "description": " ",
  "supported_items": "#minecraft:enchantable/foot_armor",
  "weight": 1,
  "max_level": 1,
  "min_cost": {
    "base": 99999,
    "per_level_above_first": 99999
  },
  "max_cost": {
    "base": 99999,
    "per_level_above_first": 99999
  },
  "anvil_cost": 99999,
  "slots": [
    "any"
  ],
  "effects": {
    "minecraft:prevent_equipment_drop": {},
    "minecraft:tick": [
      {
        "requirements": [
          {
            "condition": "minecraft:all_of",
            "terms": [
              {
                "condition": "entity_properties",
                "entity": "this",
                "predicate": {
                    "periodic_tick": 20
                }
              },
              {
                "condition": "minecraft:location_check",
                "offsetY": 2,
                "predicate": {
                  "block": {
                    "blocks": "#abh:patch_valid_blocks"
                  }
                }
              }
            ]
          }
        ],
        "effect": {
          "type": "minecraft:run_function",
          "function": "abh:technical/void_entrance/patch/check"
        }
      }
    ]
  }
}