{
  "description": " ",
  "supported_items": "#minecraft:enchantable/foot_armor",
  "weight": 1,
  "max_level": 1,
  "min_cost": {
    "base": 99999,
    "per_level_above_first": 99999
  },
  "max_cost": {
    "base": 99999,
    "per_level_above_first": 99999
  },
  "anvil_cost": 99999,
  "slots": [
    "any"
  ],
  "effects": {
    "minecraft:prevent_equipment_drop": {},
    "minecraft:tick": [
      {
        "requirements": {
          "condition": "minecraft:value_check",
          "value": {
            "type": "minecraft:score",
            "target": {
              "type": "minecraft:fixed",
              "name": "#void_opened"
            },
            "score": "abh.var"
          },
          "range": 1
        },
        "effect": {
          "type": "minecraft:run_function",
          "function": "abh:technical/void_entrance/generate"
        }
      }
    ]
  }
}