{
  "display": {
    "icon": {
      "id": "minecraft:bedrock",
      "count": 1
    },
    "title": "A Breach Happened",
    "description": "Except weird stuff to happen... soon...",
    "background": "minecraft:block/chiseled_tuff",
    "announce_to_chat": true
  },
  "criteria": {
    "spawn": {
      "trigger": "minecraft:location",
      "conditions": {
        "player": [
          {
            "condition": "minecraft:random_chance",
            "chance": 0.1
          }
        ]
      }
    }
  },
  "sends_telemetry_event": false
}