{
  "criteria": {
    "slept_in_bed": {
      "trigger": "minecraft:tick",
      "conditions": {
        "player": [
          {
            "condition": "minecraft:entity_scores",
            "entity": "this",
            "scores": {
              "abh.monologue": {
                "max": 100
              }
            }
          },
          {
            "condition": "minecraft:entity_properties",
            "entity": "this",
            "predicate": {
              "location": {
                "dimension": "abh:void"
              },
              "periodic_tick": 80
            }
          }
        ]
      }
    }
  },
  "rewards": {
    "function": "abh:events/mysterious_figure/void/monologue/check"
  },
  "sends_telemetry_event": false
}