{
  "criteria": {
    "recipe": {
      "trigger": "minecraft:tick",
      "conditions": {
        "player": [
          {
            "condition": "minecraft:value_check",
            "value": {
              "type": "minecraft:score",
              "target": {
                "type": "minecraft:fixed",
                "name": "#disabled_crafting"
              },
              "score": "abh.var"
            },
            "range": 1
          },
          {
            "condition": "minecraft:entity_properties",
            "entity": "this",
            "predicate": {
              "periodic_tick": 20
            }
          }
        ]
      }
    }
  },
  "rewards": {
    "function": "abh:events/mysterious_figure/void/monologue/6/choice/take_recipe"
  },
  "sends_telemetry_event": false
}