{
  "criteria": {
    "slept_in_bed": {
      "trigger": "minecraft:enter_block",
      "conditions": {
        "player": [
          {
            "condition": "minecraft:entity_scores",
            "entity": "this",
            "scores": {
              "abh.tagged": 1
            }
          },
          {
            "condition": "minecraft:entity_properties",
            "entity": "this",
            "predicate": {
              "location": {
                "structures": "abh:suspicious_house"
              }
            }
          }
        ],
        "block": "minecraft:oak_door"
      }
    }
  },
  "rewards": {
    "function": "abh:events/suspicious_house/exit"
  },
  "sends_telemetry_event": false
}