{
  "feature": {
    "config": {
      "tries": 16,
      "xz_spread": 2,
      "y_spread": 1,
      "feature": {
        "feature": {
          "config": {
            "targets": [
              {
                "target": {
                  "predicate_type": "minecraft:block_match",
                  "block": "minecraft:bedrock"
                },
                "state": {
                  "Name": "minecraft:air"
                }
              }
            ]
          },
          "type": "minecraft:replace_single_block"
        },
        "placement": []
      }
    },
    "type": "minecraft:random_patch"
  },
  "placement": [
    {
      "type": "minecraft:height_range",
      "height": {
        "type": "minecraft:uniform",
        "min_inclusive": {
          "absolute": 33
        },
        "max_inclusive": {
          "absolute": 34
        }
      }
    },
    {
      "type": "minecraft:count",
      "count": 30
    },
    {
      "type": "minecraft:in_square"
    }
  ]
}