{
  "type": "minecraft:chest",
  "pools": [
    {
      "bonus_rolls": 0,
      "entries": [
        {
          "type": "minecraft:item",
          "functions": [
            {
              "add": false,
              "count": {
                "type": "minecraft:uniform",
                "max": 24,
                "min": 12
              },
              "function": "minecraft:set_count"
            }
          ],
          "name": "minecraft:oak_planks",
          "weight": 15
        },
        {
          "type": "minecraft:item",
          "functions": [
            {
              "add": false,
              "count": {
                "type": "minecraft:uniform",
                "max": 12,
                "min": 6
              },
              "function": "minecraft:set_count"
            }
          ],
          "name": "minecraft:coal",
          "weight": 15
        },
        {
          "type": "minecraft:item",
          "functions": [
            {
              "add": false,
              "count": {
                "type": "minecraft:uniform",
                "max": 3,
                "min": 1
              },
              "function": "minecraft:set_count"
            }
          ],
          "name": "minecraft:iron_ingot",
          "weight": 10
        },
        {
          "type": "minecraft:item",
          "name": "minecraft:stone_axe",
          "weight": 2
        },
        {
          "type": "minecraft:item",
          "name": "minecraft:emerald"
        },
        {
          "type": "minecraft:item",
          "functions": [
            {
              "add": false,
              "count": {
                "type": "minecraft:uniform",
                "max": 10,
                "min": 5
              },
              "function": "minecraft:set_count"
            }
          ],
          "name": "minecraft:wheat",
          "weight": 10
        }
      ],
      "rolls": {
        "type": "minecraft:uniform",
        "max": 8,
        "min": 2
      }
    },
    {
      "rolls": 1,
      "entries": [
        {
          "type": "item",
          "weight": 1,
          "name": "minecraft:written_book",
          "functions": [
            {
              "function": "set_count",
              "count": 1
            },
            {
              "function": "set_components",
              "components": {
                "minecraft:written_book_content": {
                  "title": "Log #1",
                  "author": "Steve",
                  "pages": [
                    "My name is Steve, you may have heard of me... I just wanted to enjoy this game, but the white figure wouldn't let me. I can't believe I fell for its trickery. It set me up, I was convinced it was just friendly, but I was only a vessel for its plan.",
                    "After it banished me, I have spent an ungodly amount of time down here... reflecting... and I have noticed that I am able to use the /trigger test_button command with a value... it seems that this is how it backdoors the server.",
                    "I have tried an incredible amount of numbers, it just triggers the Test Button, my hope is that there is a failsafe passcode that will get me out of here. If only there was an error code..."
                  ],
                  "generation": 0
                }
              }
            }
          ]
        }
      ]
    }
  ],
  "random_sequence": "minecraft:chests/igloo_chest"
}