{
  "type": "minecraft:chest",
  "pools": [
    {
      "bonus_rolls": 0,
      "entries": [
        {
          "type": "minecraft:item",
          "name": "minecraft:map",
          "functions": [
            {
              "function": "minecraft:exploration_map",
              "destination": "abh:void_opening",
              "decoration": "minecraft:banner_black",
              "zoom": 2,
              "search_radius": 20,
              "skip_existing_chunks": false
            }
          ]
        }
      ],
      "rolls": 1
    }
  ]
}