{
  "type": "minecraft:chest",
  "pools": [
    {
      "rolls": 1,
      "entries": [
        {
          "type": "item",
          "weight": 1,
          "name": "minecraft:written_book",
          "functions": [
            {
              "function": "set_count",
              "count": 1
            },
            {
              "function": "set_components",
              "components": {
                "minecraft:written_book_content": {
                  "title": "Trapped",
                  "author": "Unknown",
                  "pages": [
                    "I have been trapped down here since it banished me here. I lost access to the overworld, from all the building blocks I had, I built this house. It took my Test Button access, and that was my only way out, I will leave this world now, but if someone is reading this... Here is what I know:.",
                    "I was caving before it got me, and I found something that it wanted to protect badly, the bottom of a chunk was gone, The Void exposed, no bedrock stopping it. Take the map, and fill the bottom layer with any solid blocks you can find before it is too late. My time has already come.",
                    "If you haven't been banished, the only other way you could get here is by using the Test Button, that is your way out of here."
                  ],
                  "generation": 0
                }
              }
            }
          ]
        }
      ]
    }
  ]
}