{
  "criteria": {
    "slept_in_bed": {
      "trigger": "minecraft:location",
      "conditions": {
        "player": [
          {
            "condition": "minecraft:inverted",
            "term": {
              "condition": "minecraft:entity_properties",
              "entity": "this",
              "predicate": {
                "slots": {
                  "armor.body": {
                    "predicates": {
                      "minecraft:enchantments": [
                        {
                          "enchantments": "abh:technical/freeze"
                        }
                      ]
                    }
                  }
                }
              }
            }
          },
          {
            "condition": "minecraft:entity_properties",
            "entity": "this",
            "predicate": {
              "location": {
                "dimension": "abh:void"
              },
              "flags": {
                "is_sneaking": true
              }
            }
          }
        ]
      }
    }
  },
  "rewards": {
    "function": "abh:void/leave"
  },
  "sends_telemetry_event": false
}