{
  "description": " ",
  "supported_items": "#minecraft:enchantable/foot_armor",
  "weight": 1,
  "max_level": 1,
  "min_cost": {
    "base": 99999,
    "per_level_above_first": 99999
  },
  "max_cost": {
    "base": 99999,
    "per_level_above_first": 99999
  },
  "anvil_cost": 99999,
  "slots": [
    "any"
  ],
  "effects": {
    "minecraft:prevent_equipment_drop": {},
    "minecraft:tick": [
      {
        "effect": {
          "type": "minecraft:run_function",
          "function": "abh:events/mining_figure/despawn"
        },
        "requirements": [
          {
            "condition": "minecraft:entity_properties",
            "entity": "this",
            "predicate": {
              "periodic_tick": 2400
            }
          }
        ]
      },
      {
        "requirements": [
          {
            "condition": "minecraft:any_of",
            "terms": [
              {
                "condition": "minecraft:all_of",
                "terms": [
                  {
                    "condition": "entity_scores",
                    "entity": "this",
                    "scores": {
                      "abh.var": 1
                    }
                  },
                  {
                    "condition": "minecraft:entity_properties",
                    "entity": "this",
                    "predicate": {
                      "flags": {
                        "is_on_ground": true
                      }
                    }
                  },
                  {
                    "condition": "minecraft:location_check",
                    "offsetX": 1,
                    "predicate": {
                      "block": {
                        "blocks": "#abh:all_solid"
                      }
                    }
                  },
                  {
                    "condition": "minecraft:location_check",
                    "offsetX": 1,
                    "offsetY": 1,
                    "predicate": {
                      "block": {
                        "blocks": "#abh:non_solid"
                      }
                    }
                  },
                  {
                    "condition": "minecraft:location_check",
                    "offsetX": 1,
                    "offsetY": 2,
                    "predicate": {
                      "block": {
                        "blocks": "#abh:non_solid"
                      }
                    }
                  }
                ]
              },
              {
                "condition": "minecraft:all_of",
                "terms": [
                  {
                    "condition": "entity_scores",
                    "entity": "this",
                    "scores": {
                      "abh.var": 1
                    }
                  },
                  {
                    "condition": "minecraft:entity_properties",
                    "entity": "this",
                    "predicate": {
                      "flags": {
                        "is_on_ground": true
                      }
                    }
                  },
                  {
                    "condition": "minecraft:location_check",
                    "offsetX": -1,
                    "predicate": {
                      "block": {
                        "blocks": "#abh:all_solid"
                      }
                    }
                  },
                  {
                    "condition": "minecraft:location_check",
                    "offsetX": -1,
                    "offsetY": 1,
                    "predicate": {
                      "block": {
                        "blocks": "#abh:non_solid"
                      }
                    }
                  },
                  {
                    "condition": "minecraft:location_check",
                    "offsetX": -1,
                    "offsetY": 2,
                    "predicate": {
                      "block": {
                        "blocks": "#abh:non_solid"
                      }
                    }
                  }
                ]
              },
              {
                "condition": "minecraft:all_of",
                "terms": [
                  {
                    "condition": "entity_scores",
                    "entity": "this",
                    "scores": {
                      "abh.var": 1
                    }
                  },
                  {
                    "condition": "minecraft:entity_properties",
                    "entity": "this",
                    "predicate": {
                      "flags": {
                        "is_on_ground": true
                      }
                    }
                  },
                  {
                    "condition": "minecraft:location_check",
                    "offsetZ": 1,
                    "predicate": {
                      "block": {
                        "blocks": "#abh:all_solid"
                      }
                    }
                  },
                  {
                    "condition": "minecraft:location_check",
                    "offsetZ": 1,
                    "offsetY": 1,
                    "predicate": {
                      "block": {
                        "blocks": "#abh:non_solid"
                      }
                    }
                  },
                  {
                    "condition": "minecraft:location_check",
                    "offsetZ": 1,
                    "offsetY": 2,
                    "predicate": {
                      "block": {
                        "blocks": "#abh:non_solid"
                      }
                    }
                  }
                ]
              },
              {
                "condition": "minecraft:all_of",
                "terms": [
                  {
                    "condition": "entity_scores",
                    "entity": "this",
                    "scores": {
                      "abh.var": 1
                    }
                  },
                  {
                    "condition": "minecraft:entity_properties",
                    "entity": "this",
                    "predicate": {
                      "flags": {
                        "is_on_ground": true
                      }
                    }
                  },
                  {
                    "condition": "minecraft:location_check",
                    "offsetZ": -1,
                    "predicate": {
                      "block": {
                        "blocks": "#abh:all_solid"
                      }
                    }
                  },
                  {
                    "condition": "minecraft:location_check",
                    "offsetZ": -1,
                    "offsetY": 1,
                    "predicate": {
                      "block": {
                        "blocks": "#abh:non_solid"
                      }
                    }
                  },
                  {
                    "condition": "minecraft:location_check",
                    "offsetZ": -1,
                    "offsetY": 2,
                    "predicate": {
                      "block": {
                        "blocks": "#abh:non_solid"
                      }
                    }
                  }
                ]
              }
            ]
          }
        ],
        "effect": {
          "type": "minecraft:run_function",
          "function": "abh:events/mining_figure/ai/jump/action"
        }
      },
      {
        "requirements": [
          {
            "condition": "minecraft:entity_scores",
            "entity": "this",
            "scores": {
              "abh.var": 1
            }
          },
          {
            "condition": "minecraft:entity_properties",
            "entity": "this",
            "predicate": {
              "nbt": "{HurtTime:0s,DeathTime:0s}"
            }
          }
        ],
        "effect": {
          "type": "minecraft:run_function",
          "function": "abh:events/mining_figure/ai/chasing/motion"
        }
      },
      {
        "requirements": {
          "condition": "minecraft:entity_properties",
          "entity": "this",
          "predicate": {
            "nbt": "{DeathTime:0s}",
            "periodic_tick": 10
          }
        },
        "effect": {
          "type": "minecraft:run_function",
          "function": "abh:events/mining_figure/ai/tick"
        }
      }
    ],
    "minecraft:damage_immunity": [
      {
        "requirements": {
          "condition": "minecraft:damage_source_properties",
          "predicate": {
            "tags": [
              {
                "id": "abh:night_figure_immune",
                "expected": true
              }
            ]
          }
        },
        "effect": {}
      }
    ]
  }
}