{
  "ambient_light": 0.1,
  "bed_works": true,
  "fixed_time": 6000,
  "cloud_height": -1000,
  "coordinate_scale": 1,
  "effects": "minecraft:overworld",
  "has_ceiling": false,
  "has_raids": true,
  "has_skylight": true,
  "height": 64,
  "infiniburn": "#minecraft:infiniburn_overworld",
  "logical_height": 64,
  "min_y": 0,
  "monster_spawn_block_light_limit": 0,
  "monster_spawn_light_level": {
    "type": "minecraft:uniform",
    "max_inclusive": 7,
    "min_inclusive": 0
  },
  "natural": true,
  "piglin_safe": false,
  "respawn_anchor_works": false,
  "ultrawarm": false
}