{
  "type": "minecraft:dialog_list",
  "body": [
    {
      "type": "minecraft:plain_message",
      "contents": {
        "translate": "abh.guide.title_text",
        "fallback": "This project is in extremely early beta, there may be bugs, and there may be unintended side effects!\n\nSomething strange is happening to your world..."
      }
    }
  ],
  "inputs": [],
  "can_close_with_escape": true,
  "pause": false,
  "after_action": "none",
  "title": {
    "translate": "abh.guide.title",
    "fallback": "A BREACH HAPPENED GUIDE"
  },
  "dialogs": [
    {
      "type": "minecraft:notice",
      "title": {
        "translate": "abh.guide.getting_started",
        "fallback": "Getting Started"
      },
      "body": [
        {
          "type": "minecraft:plain_message",
          "contents": {
            "translate": "abh.guide.getting_started.text",
            "fallback": "Highly recommended playing with Minecraft music, and having music toast enabled!\n\nLight bulbs spawn randomly as the world is explored, it is suggested to follow these to progress. \n\n\n\n\n\n\n\n\n\n\n"
          }
        },
        {
          "type": "minecraft:plain_message",
          "contents": {
            "text": " ",
            "extra": [
              {
                "text": "\n\n\n\n\n\n\n\n\n"
              }
            ],
            "font": "abh:sparkle"
          },
          "width": 500
        }
      ],
      "action": {
        "label": {
          "text": "←"
        },
        "width": 20,
        "action": {
          "type": "minecraft:show_dialog",
          "dialog": "abh:guide"
        }
      }
    },
    {
      "type": "minecraft:notice",
      "title": {
        "translate": "abh.guide.events",
        "fallback": "Events"
      },
      "body": [
        {
          "type": "minecraft:plain_message",
          "contents": {
            "translate": "abh.guide.events.text",
            "fallback": "As time and chunks are loaded, the player may notice strange things to their world... Random holes, redstone torches, leaves missing, random signs, unusual entities and much more. It is suggested to explore as much as possible to experience them, that being said, some may have destructive capabilities, this can be turned off in settings.\n\nIt tries to be very subtle, so it may not be noticable right away."
          }
        }
      ],
      "action": {
        "label": {
          "text": "←"
        },
        "width": 20,
        "action": {
          "type": "minecraft:show_dialog",
          "dialog": "abh:guide"
        }
      }
    },
    {
      "type": "minecraft:notice",
      "title": {
        "translate": "abh.guide.entities",
        "fallback": "Entities"
      },
      "body": [
        {
          "type": "minecraft:plain_message",
          "contents": {
            "translate": "abh.guide.entities.text",
            "fallback": "The player is not alone in this world... there are a few entities one may encounter... one during night, one while strip-mining or in a crammed place and one generally on the surface. All of these entities only spawn in the Overworld, so if they become too much of a hassle, it is possible to escape by going to The Nether or The End... unless...\n\nIt is especially important to encounter the white figure... multiple times...\n\n\n\n\n\n\n\n\n\n\n"
          }
        },
        {
          "type": "minecraft:plain_message",
          "contents": {
            "text": "",
            "extra": [
              {
                "text": "\n\n\n\n\n\n\n\n\n"
              }
            ],
            "font": "abh:sparkle"
          },
          "width": 500
        }
      ],
      "action": {
        "label": {
          "text": "←"
        },
        "width": 20,
        "action": {
          "type": "minecraft:show_dialog",
          "dialog": "abh:guide"
        }
      }
    },
    {
      "type": "minecraft:notice",
      "title": {
        "translate": "abh.guide.dimensions",
        "fallback": "Dimensions"
      },
      "body": [
        {
          "type": "minecraft:plain_message",
          "contents": {
            "translate": "abh.guide.dimensions.text",
            "fallback": "There are new dimensions, and one of them is extremely useful to the player...\n\n If a player becomes stuck in this dimension make sure to crouch in order to leave, if that does not work, try moving around a bit and try again.\n\n\n\n\n\n\n\n\n\n\n"
          }
        },
        {
          "type": "minecraft:plain_message",
          "contents": {
            "text": "æ",
            "extra": [
              {
                "text": "\n\n\n\n\n\n\n\n\n"
              }
            ],
            "font": "abh:sparkle"
          },
          "width": 500
        }
      ],
      "action": {
        "label": {
          "text": "←"
        },
        "width": 20,
        "action": {
          "type": "minecraft:show_dialog",
          "dialog": "abh:guide"
        }
      }
    },
    {
      "type": "minecraft:notice",
      "title": {
        "translate": "abh.guide.credits",
        "fallback": "Credits and Copyright"
      },
      "body": [
        {
          "type": "minecraft:plain_message",
          "contents": {
            "translate": "abh.guide.credits.text",
            "fallback": "Music used is royalty free as long as the composer is credited.\n\nArtist: Myuu\n\n"
          }
        },
        {
          "type": "minecraft:plain_message",
          "contents": {
            "translate": "abh.guide.credits.myuu",
            "fallback": "CLICK ME FOR CREDIT INFORMATION",
            "bold": true,
            "underlined": true,
            "click_event": {
              "action": "open_url",
              "url": "https://www.thedarkpiano.com/faq#Q1"
            },
            "hover_event": {
              "action": "show_text",
              "value": {
                "translate": "abh.guide.credits.myuu_hover",
                "fallback": "CLICK HERE!"
              }
            }
          }
        }
      ],
      "inputs": [],
      "action": {
        "label": {
          "text": "←"
        },
        "width": 20,
        "action": {
          "type": "minecraft:show_dialog",
          "dialog": "abh:guide"
        }
      }
    }
  ]
}