{
  "display": {
    "icon": {
      "id": "minecraft:red_glazed_terracotta",
      "count": 1
    },
    "title": "I YEARN FOR THE MINES!",
    "description": "Kill the red figure...",
    "frame": "task",
    "announce_to_chat": true
  },
  "parent": "abh:display/red_figure/looking_at",
  "criteria": {
    "location": {
      "trigger": "minecraft:player_killed_entity",
      "conditions": {
        "entity": {
          "slots": {
            "armor.body": {
              "predicates": {
                "minecraft:enchantments": [
                  {
                    "enchantments": "abh:mining_figure/ai"
                  }
                ]
              }
            }
          }
        },
        "killing_blow": {
          "tags": [
            {
              "id": "bypasses_invulnerability",
              "expected": false
            }
          ]
        }
      }
    }
  },
  "sends_telemetry_event": false
}