{
  "display": {
    "icon": {
      "id": "minecraft:red_concrete",
      "count": 1
    },
    "title": "Uh... Yeah... Run...",
    "description": "Look at the red figure",
    "frame": "task",
    "announce_to_chat": true
  },
  "parent": "abh:display/root",
  "criteria": {
    "location": {
      "trigger": "minecraft:tick",
      "conditions": {
        "player": [
          {
            "condition": "minecraft:entity_properties",
            "entity": "this",
            "predicate": {
              "type_specific": {
                "type": "minecraft:player",
                "looking_at": {
                  "type": "minecraft:mannequin",
                  "slots": {
                    "armor.body": {
                      "components": {
                        "minecraft:enchantments": {
                          "abh:mining_figure/ai": 1
                        }
                      }
                    }
                  }
                }
              }
            }
          }
        ]
      }
    }
  },
  "sends_telemetry_event": false
}